{
  "sample_start": "1948:1",
  "sample_end": "2019:12",
  "n_obs": 864,
  "max_lags": 50,
  "kernel_bandwidth": 10,
  "annual_frequency_over_2pi": 0.08333333333333333,
  "series": {
    "UNRATENSA": {
      "series_id": "UNRATENSA",
      "label": "Not seasonally adjusted",
      "n_obs": 864,
      "ar_bic_lag": 25,
      "ar_log_spectrum_at_pi_over_6": -0.17729800645021943,
      "ar_local_seasonal_contrast": 0.020565599073865126,
      "kernel_log_spectrum_at_pi_over_6": -1.0316618780057651,
      "kernel_local_seasonal_contrast": 0.00990116043718725,
      "bic_values": [
        -1.5838067071824287,
        -1.5835261534771032,
        -1.5873802403939274,
        -1.6553528767545758,
        -1.6537817204045115,
        -1.695030358283884,
        -1.713476338298268,
        -1.7911778051932972,
        -1.7871816852452589,
        -1.9027827945344467,
        -1.9013298899624038,
        -1.898874336938879,
        -2.584391431857037,
        -2.585421109907153,
        -2.632381452098374,
        -2.640315603939562,
        -2.638228009231862,
        -2.6306058175630826,
        -2.627017976820754,
        -2.626962004985719,
        -2.619035775635562,
        -2.615808288953921,
        -2.6081049674581287,
        -2.600601342096296,
        -2.7373626421085344,
        -2.730889749217982,
        -2.7277133260959365,
        -2.721641480663083,
        -2.71344520122155,
        -2.7054306006612157,
        -2.69725156971864,
        -2.689533428462773,
        -2.6895106649490814,
        -2.6838929220801133,
        -2.687720039999116,
        -2.679496743655884,
        -2.720475364935778,
        -2.720108673810602,
        -2.7119135104542442,
        -2.704554711414259,
        -2.696934471893345,
        -2.696487872903607,
        -2.689039505465725,
        -2.6824579720869925,
        -2.67426404188851,
        -2.6673454680908044,
        -2.6591991566254243,
        -2.6543160757919075,
        -2.699141273287737,
        -2.6910683662587456
      ]
    },
    "UNRATE": {
      "series_id": "UNRATE",
      "label": "Seasonally adjusted",
      "n_obs": 864,
      "ar_bic_lag": 5,
      "ar_log_spectrum_at_pi_over_6": -3.965804947068041,
      "ar_local_seasonal_contrast": -3.165503092983357e-05,
      "kernel_log_spectrum_at_pi_over_6": -5.537894805105876,
      "kernel_local_seasonal_contrast": 0.0043760308416320726,
      "bic_values": [
        -3.3076077179037586,
        -3.3335743700733564,
        -3.4039247868666607,
        -3.4168691221338077,
        -3.4257775964716033,
        -3.4239685780313467,
        -3.416461683574879,
        -3.408887341590608,
        -3.4008413940299707,
        -3.392674574783398,
        -3.3921788672371678,
        -3.3871478815187834,
        -3.3990312988538465,
        -3.3915809436289486,
        -3.3833501806578656,
        -3.3792130702873933,
        -3.3740747317853543,
        -3.3658609045391263,
        -3.3579079829045106,
        -3.354804443157777,
        -3.34828571584135,
        -3.340090619647524,
        -3.334698189707439,
        -3.3269755835022186,
        -3.3509088193073824,
        -3.3442687917315492,
        -3.3379400961568453,
        -3.3375852344560553,
        -3.331358760742071,
        -3.3245496078520524,
        -3.31740413364106,
        -3.3092981909067745,
        -3.301980005360083,
        -3.294172107950361,
        -3.2866841539739813,
        -3.278572922657933,
        -3.2975537390924887,
        -3.289356695551642,
        -3.2821703058897453,
        -3.2765389866360195,
        -3.2683242395976304,
        -3.2600953070033283,
        -3.2523141095701495,
        -3.2447393835004834,
        -3.2369366535713633,
        -3.2302506181200497,
        -3.2247974417139176,
        -3.2187502771234944,
        -3.212025011281975,
        -3.2054665708947647
      ]
    }
  }
}