{
  "sample_start": "1984M1",
  "sample_end": "2019M12",
  "sample_n_obs": 432,
  "raw_source": "FRED graph CSV files cached in PSET_3/data",
  "transformation": "1200 times monthly log growth for INDPRO and PCEPI; GS1 minus inflation for real_rate",
  "rotation_draws": 1000000,
  "accepted_draws": 240577,
  "acceptance_rate": 0.240577,
  "haar_seed": 317304,
  "lags": 12,
  "horizon": 36,
  "sign_horizons": [
    0,
    1,
    2
  ],
  "var_start": "1985M1",
  "var_end": "2019M12",
  "var_n_obs": 420,
  "var_max_abs_companion_eigenvalue": 0.9786047478760429,
  "residual_covariance": [
    [
      36.97817140555577,
      -0.7221169953958733,
      0.8448481625771198
    ],
    [
      -0.7221169953958733,
      3.324585867562649,
      -3.3172640153941964
    ],
    [
      0.8448481625771198,
      -3.3172640153941964,
      3.3426806079210856
    ]
  ],
  "selected_irfs": {
    "0": {
      "identified_lower": -6.0632280911295675,
      "identified_upper": 2.6574702944820587,
      "identified_midpoint": -1.7028788983237544,
      "posterior_median": -2.7616140656462083,
      "credible_68_lower": -4.94945742855779,
      "credible_68_upper": -0.17218389151899774,
      "median_minus_midpoint": -1.0587351673224539
    },
    "6": {
      "identified_lower": -1.372698089089095,
      "identified_upper": 1.3251521136033309,
      "identified_midpoint": -0.023772987742882057,
      "posterior_median": -0.008030007363904204,
      "credible_68_lower": -0.8601336906380469,
      "credible_68_upper": 0.8316623233670061,
      "median_minus_midpoint": 0.015742980378977853
    },
    "12": {
      "identified_lower": -0.042957225377274116,
      "identified_upper": 0.7637103616298817,
      "identified_midpoint": 0.3603765681263038,
      "posterior_median": 0.5207337710784085,
      "credible_68_lower": 0.2508530971155366,
      "credible_68_upper": 0.7045204404013918,
      "median_minus_midpoint": 0.16035720295210465
    },
    "24": {
      "identified_lower": -0.07397700732848721,
      "identified_upper": 0.07501792439552661,
      "identified_midpoint": 0.0005204585335197021,
      "posterior_median": -0.004755622972725219,
      "credible_68_lower": -0.04505313305984999,
      "credible_68_upper": 0.03961787779270232,
      "median_minus_midpoint": -0.005276081506244921
    },
    "36": {
      "identified_lower": -0.03457505058485287,
      "identified_upper": 0.06753727709074572,
      "identified_midpoint": 0.016481113252946426,
      "posterior_median": 0.018713374720253775,
      "credible_68_lower": -0.011301559799406672,
      "credible_68_upper": 0.049731059700882464,
      "median_minus_midpoint": 0.0022322614673073483
    }
  },
  "max_abs_median_midpoint_gap": 1.0587351673224539,
  "max_abs_median_midpoint_gap_horizon": 0
}