{
  "raw_start": "1948Q1",
  "raw_end": "2019Q4",
  "raw_n_obs": 288,
  "estimation_start": "1948Q4",
  "estimation_end": "2019Q3",
  "estimation_n_obs": 284,
  "hac_bandwidth": 5,
  "two_sls": {
    "method": "2SLS / one-step GMM",
    "theta": [
      -0.00015934975850370384,
      0.8225442901385839,
      0.20685021118621486,
      -1.2828420556623267e-05
    ],
    "se": [
      0.0003776886397317169,
      0.16574333077793507,
      0.1256600695176766,
      6.292096830120021e-05
    ],
    "objective": 1.9231790147948463e-07
  },
  "efficient_gmm": {
    "method": "Efficient two-step GMM",
    "theta": [
      -0.0002552857398092317,
      0.83626544853426,
      0.19374575521638568,
      1.0836498979984508e-06
    ],
    "se": [
      0.0003495855825194122,
      0.13077178332731948,
      0.09941757090347726,
      5.857904446609757e-05
    ],
    "objective": 0.005698125630335375
  },
  "j_test": {
    "statistic": 1.6043484337316543,
    "df": 3,
    "p_value": 0.6584042439242637
  }
}