{
  "raw_start": "1948Q1",
  "raw_end": "2019Q4",
  "raw_n_obs": 288,
  "inflation_scale": 100.0,
  "var_start": "1948Q2",
  "var_end": "2019Q4",
  "var_n_obs": 287,
  "var_intercept": [
    0.12154732575822648,
    0.12215289681016571
  ],
  "var_a_matrix": [
    [
      0.7855505854877631,
      0.006918439563453043
    ],
    [
      0.053060961509908196,
      0.9716226043262877
    ]
  ],
  "theta_hat": [
    0.5606035202173506,
    0.0001062558457022183,
    0.7855505854877631,
    0.006918439563453043
  ],
  "implied_var_coefficients": [
    0.7855505854877631,
    0.006918439563453043,
    0.053060961509927916,
    0.9716226043262877
  ],
  "ci_method": "recursive residual bootstrap, Efron percentile quantiles",
  "ci_lower": [
    0.5443636826288687,
    -0.0012541472625549135,
    0.686597850126927,
    -0.03210240741550281
  ],
  "ci_upper": [
    0.5934595471720868,
    0.0013311599688716719,
    0.8364728962610326,
    0.040942385723369876
  ],
  "bootstrap_reps": 10000,
  "bootstrap_seed": 31730,
  "bootstrap_used_reps": 10000,
  "max_abs_eigenvalue": 0.9735750052740069
}